{
    "format_versin": "v0.1.0",
    "groups": [
        {
            "pos": [0.0, 0.0],
            "alu": {
                "outline": [
                    [-2.2836, 0.35079992],
                    [-2.2836, 0.06819987],
                    [-2.2836, 0.06819987],
                    [-3.2242, 0.06819987],
                    [-3.2242, 0.06819987],
                    [-3.2242, 1.6379999],
                    [-3.2242, 1.6379999],
                    [-2.751, 1.6379999],
                    [-2.751, 1.6379999],
                    [-2.751, 0.35079992],
                    [-2.751, 0.35079992],
                    [-2.2836, 0.35079992],
                    [-2.2836, 0.35079992]
                ],
                "holes": [
                ]
            },
            "bulbs": [
                [31, -3.033, 0.26059997, 231, 331, 431],
                [32, -3.038, 1.0287999, 232, 332, 432],
                [33, -3.038, 1.4219999, 233, 333, 433],
                [34, -3.033, 0.65479994, 234, 334, 434],
                [35, -2.5722, 0.2478, 235, 335, 435]
            ]
        },
        {
            "pos": [0.0, 0.0],
            "alu": {
                "outline": [
                    [-1.3850001, 1.6379999],
                    [-1.7812, 1.6379999],
                    [-1.7812, 1.6379999],
                    [-2.2094002, 0.06819987],
                    [-2.2094002, 0.06819987],
                    [-1.9973999, 0.06819987],
                    [-1.9973999, 0.06819987],
                    [-1.9336, 0.3047999],
                    [-1.9336, 0.3047999],
                    [-1.5213999, 0.3047999],
                    [-1.5213999, 0.3047999],
                    [-1.456, 0.06819987],
                    [-1.456, 0.06819987],
                    [-0.95379996, 0.06819987],
                    [-0.95379996, 0.06819987],
                    [-1.3850001, 1.6379999],
                    [-1.3850001, 1.6379999]
                ],
                "holes": [
                    [
                        [-1.8626, 0.5641999],
                        [-1.7276, 1.0581999],
                        [-1.7276, 1.0581999],
                        [-1.5926, 0.5641999],
                        [-1.5926, 0.5641999],
                        [-1.8626, 0.5641999],
                        [-1.8626, 0.5641999]
                    ]
                ]
            },
            "bulbs": [
                [1, -2.0756001, 0.24239981, 201, 301, 401],
                [36, -1.7502002, 0.4483999, 236, 336, 436],
                [37, -1.9506, 0.7289999, 237, 337, 437],
                [38, -1.8504, 1.1299999, 238, 338, 438],
                [39, -1.2574002, 0.27299988, 239, 339, 439],
                [40, -1.3638002, 0.7295999, 240, 340, 440],
                [41, -1.5114001, 1.142, 241, 341, 441],
                [42, -1.6500001, 1.4709998, 242, 342, 442]
            ]
        },
        {
            "pos": [0.0, 0.0],
            "alu": {
                "outline": [
                    [-0.38919997, 0.06819987],
                    [-0.8232, 0.06819987],
                    [-0.8232, 0.06819987],
                    [-0.8232, 1.3657999],
                    [-0.8232, 1.3657999],
                    [-0.38919997, 1.7111999],
                    [-0.38919997, 1.7111999],
                    [-0.38919997, 0.06819987],
                    [-0.38919997, 0.06819987]
                ],
                "holes": [
                ]
            },
            "bulbs": [
                [27, -0.61660004, 0.2514, 227, 327, 427],
                [28, -0.6215999, 0.9593999, 228, 328, 428],
                [29, -0.6215999, 1.3125999, 229, 329, 429],
                [30, -0.61660004, 0.58539987, 230, 330, 430]
            ]
        },
        {
            "pos": [0.0, 0.0],
            "alu": {
                "outline": [
                    [0.6457999, 1.4265999],
                    [0.26979995, 1.6819999],
                    [0.26979995, 1.6819999],
                    [-0.10759997, 1.4287999],
                    [-0.10759997, 1.4287999],
                    [-0.24839997, 0.85319984],
                    [-0.24839997, 0.85319984],
                    [-0.10759997, 0.27759993],
                    [-0.10759997, 0.27759993],
                    [0.26979995, 0.022199988],
                    [0.26979995, 0.022199988],
                    [0.6457999, 0.27760005],
                    [0.6457999, 0.27760005],
                    [0.78799987, 0.8532],
                    [0.78799987, 0.8532],
                    [0.6457999, 1.4266],
                    [0.6457999, 1.4266]
                ],
                "holes": [
                    [
                        [0.49620008, 0.48059988],
                        [0.25959992, 0.3025999],
                        [0.25959992, 0.3025999],
                        [0.25959992, 1.4013999],
                        [0.25959992, 1.4013999],
                        [0.49620008, 1.2255999],
                        [0.49620008, 1.2255999],
                        [0.58479977, 0.853],
                        [0.58479977, 0.853],
                        [0.49620008, 0.4804001],
                        [0.49620008, 0.4804001]
                    ]
                ]
            },
            "bulbs": [
                [19, 0.6853998, 0.8343999, 219, 319, 419],
                [20, 0.56340003, 0.43519998, 220, 320, 420],
                [21, 0.28259993, 0.19459987, 221, 321, 421],
                [22, 0.6107998, 1.2501999, 222, 322, 422],
                [23, 0.28979993, 1.5309999, 223, 323, 423],
                [24, -0.07560015, 0.8553999, 224, 324, 424],
                [25, 0.004600048, 1.2863998, 225, 325, 425],
                [26, 0.024600029, 0.44299996, 226, 326, 426]
            ]
        },
        {
            "pos": [0.0, 0.0],
            "alu": {
                "outline": [
                    [1.7765996, 1.4265999],
                    [1.4005997, 1.6819999],
                    [1.4005997, 1.6819999],
                    [1.0231998, 1.4287999],
                    [1.0231998, 1.4287999],
                    [0.8823998, 0.85319984],
                    [0.8823998, 0.85319984],
                    [1.0231998, 0.27759993],
                    [1.0231998, 0.27759993],
                    [1.4005997, 0.022199988],
                    [1.4005997, 0.022199988],
                    [1.7765996, 0.27760005],
                    [1.7765996, 0.27760005],
                    [1.9187996, 0.8532],
                    [1.9187996, 0.8532],
                    [1.7765996, 1.4266],
                    [1.7765996, 1.4266]
                ],
                "holes": [
                    [
                        [1.6269996, 0.48059988],
                        [1.3903997, 0.3025999],
                        [1.3903997, 0.3025999],
                        [1.3903997, 1.4013999],
                        [1.3903997, 1.4013999],
                        [1.6269996, 1.2255999],
                        [1.6269996, 1.2255999],
                        [1.7155998, 0.853],
                        [1.7155998, 0.853],
                        [1.6269996, 0.4804001],
                        [1.6269996, 0.4804001]
                    ]
                ]
            },
            "bulbs": [
                [3, 1.8027999, 0.8327999, 203, 303, 403],
                [4, 1.7151997, 0.4117999, 204, 304, 404],
                [5, 1.4343998, 0.17119992, 205, 305, 405],
                [14, 1.7405999, 1.2485999, 214, 314, 414],
                [15, 1.4198, 1.5291998, 215, 315, 415],
                [16, 1.0761998, 0.83179986, 216, 316, 416],
                [17, 1.1564, 1.2629999, 217, 317, 417],
                [18, 1.1764, 0.41939998, 218, 318, 418]
            ]
        },
        {
            "pos": [0.0, 0.0],